title,company,location,years_required,apply_url,source,posted_at
Junior Developer,TechNova,Toronto,0,https://www.linkedin.com/jobs/view/launchpad-jr-dev,LinkedIn,2025-09-05
Marketing Coordinator,BrandHive,Remote (Canada),1,https://ca.indeed.com/viewjob?jk=brandhive-mkt-coord,Indeed,2025-09-03
Data Analyst,Insight Inc,New York,2,https://www.glassdoor.com/job-listing/insight-data-analyst,Glassdoor,2025-09-07
Software Intern,CodeWorks,Boston,0,https://jobs.codeworks.com/internships/qa-123,Company Careers,2025-09-01
Social Media Assistant,TrendSet,Remote,1,https://www.linkedin.com/jobs/view/trendset-smm-asst,LinkedIn,2025-09-06
Junior QA Tester,PixelForge,Vancouver,0,https://ca.indeed.com/viewjob?jk=pixelforge-qa,Indeed,2025-09-02
Customer Support Associate,HelpHub,Remote (US/Canada),0,https://jobs.helphub.com/careers/support-associate,Company Careers,2025-09-08
Business Analyst (Entry),NorthStar Consulting,Toronto,1,https://www.linkedin.com/jobs/view/northstar-ba,LinkedIn,2025-09-04
Product Coordinator,Apex Apps,Austin,2,https://apexapps.com/careers/product-coordinator,Company Careers,2025-09-09
UX Research Assistant,BrightLabs,San Francisco,1,https://www.glassdoor.com/job-listing/brightlabs-uxr,Glassdoor,2025-09-03
Junior Data Engineer,Streamlytics,Seattle,1,https://ca.indeed.com/viewjob?jk=streamlytics-jde,Indeed,2025-09-06
HR Coordinator,PeopleFirst,Chicago,0,https://jobs.peoplefirst.com/hr-coordinator,Company Careers,2025-09-05
Operations Assistant,RapidRoute,Atlanta,1,https://www.linkedin.com/jobs/view/rapidroute-ops,LinkedIn,2025-09-01
Junior Web Developer,CloudNest,Remote,0,https://ca.indeed.com/viewjob?jk=cloudnest-jwd,Indeed,2025-09-07
Finance Assistant,Ledgerly,New York,1,https://jobs.ledgerly.com/finance-assistant,Company Careers,2025-09-02
Junior Project Coordinator,BuildBridge,Calgary,1,https://www.linkedin.com/jobs/view/buildbridge-jpc,LinkedIn,2025-09-03
QA Automation Intern,TestPilot,Ottawa,0,https://jobs.testpilot.com/careers/qa-intern,Company Careers,2025-09-04
Content Writer (Junior),StoryCraft,Remote,0,https://ca.indeed.com/viewjob?jk=storycraft-writer,Indeed,2025-09-05
Data Entry Specialist,CleanDataCo,Remote,0,https://jobs.cleandataco.com/data-entry-specialist,Company Careers,2025-09-08
Junior Marketing Analyst,AdSight,Los Angeles,2,https://www.glassdoor.com/job-listing/adsight-jma,Glassdoor,2025-09-07
Community Manager (Junior),PlayVerse,Remote,1,https://www.linkedin.com/jobs/view/playverse-cm,LinkedIn,2025-09-06
IT Support Technician (Entry),FixIT,Dallas,0,https://jobs.fixit.com/it-support-tech,Company Careers,2025-09-03
Junior Graphic Designer,PixelPop,Montreal,1,https://ca.indeed.com/viewjob?jk=pixelpop-designer,Indeed,2025-09-02
Sales Development Rep (SDR),PipeLinePro,Remote (Canada),0,https://www.linkedin.com/jobs/view/pipelinepro-sdr,LinkedIn,2025-09-04
Research Assistant,BioNova,Boston,1,https://jobs.bionova.com/careers/research-assistant,Company Careers,2025-09-05
Junior DevOps Assistant,ShipFast,Remote,1,https://ca.indeed.com/viewjob?jk=shipfast-devops,Indeed,2025-09-07
Customer Success Specialist (Entry),SmileCRM,Remote,0,https://jobs.smilecrm.com/customer-success-entry,Company Careers,2025-09-06
Junior Data Scientist,ModelMint,Toronto,2,https://www.linkedin.com/jobs/view/modelmint-jds,LinkedIn,2025-09-08
Administrative Assistant,CityWorks,Vancouver,0,https://jobs.cityworks.com/admin-assistant,Company Careers,2025-09-01
Junior SEO Specialist,RankRight,Remote,1,https://ca.indeed.com/viewjob?jk=rankright-seo,Indeed,2025-09-09
Product Coordinator,LinkedIn,"Kitchener, ON",0,https://www.linkedin.com/jobs/view/4292919497,LinkedIn,2025-09-13
